{"cameraMode":{"drawMode":0,"name":"Shaded","section":"Shading Mode"},"sceneLighting":false,"audioPlay":false,"sceneViewState":{"m_AlwaysRefresh":false,"showFog":true,"showSkybox":false,"showFlares":true,"showImageEffects":true,"showParticleSystems":true,"showVisualEffectGraphs":true,"m_FxEnabled":true},"in2DMode":false,"pivot":{"x":-0.4291200637817383,"y":0.02582836151123047,"z":0.04878997802734375},"rotation":{"x":0.09195682406425476,"y":0.9031475782394409,"z":-0.24297593533992768,"w":0.3418056070804596},"size":18.9882869720459,"orthographic":false}